regime,ablation,training_fraction,model_family,checkpoint_path,training_config_id,life_bin,bin,n_samples,n_nodes,mae_loglife,rmse_loglife,signed_mean_error_loglife,median_abs_error_loglife,MAE,RMSE,signed_mean_error,median_abs_error,unstable,training_fraction_pct,training_geometries,evaluation_label
Zonal,Edge,1.0,ArGEnT_self_att_noSDF,c:\Users\abfat\Desktop\Disc_lifing_paper_v2\Zonal\Edge\ArGEnT_self_att_noSDF\Trained_models\argent_self_nosdf_s_177b264d.pt,Edge:ArGEnT_self_att_noSDF:argent_self_nosdf_s_177b264d,Full test set,Full test set,679000,679000,0.01604892872273922,0.04487965255975723,-0.0002737570903263986,0.005424022674560547,0.01604892872273922,0.04487965255975723,-0.0002737570903263986,0.005424022674560547,False,100.0,4000,validation-split evaluation
Zonal,Edge,1.0,ArGEnT_self_att_noSDF,c:\Users\abfat\Desktop\Disc_lifing_paper_v2\Zonal\Edge\ArGEnT_self_att_noSDF\Trained_models\argent_self_nosdf_s_177b264d.pt,Edge:ArGEnT_self_att_noSDF:argent_self_nosdf_s_177b264d,log_life < 2,log_life < 2,1030,1030,0.25654810667037964,0.2722461521625519,0.20985111594200134,0.2564011812210083,0.25654810667037964,0.2722461521625519,0.20985111594200134,0.2564011812210083,False,100.0,4000,validation-split evaluation
Zonal,Edge,1.0,ArGEnT_self_att_noSDF,c:\Users\abfat\Desktop\Disc_lifing_paper_v2\Zonal\Edge\ArGEnT_self_att_noSDF\Trained_models\argent_self_nosdf_s_177b264d.pt,Edge:ArGEnT_self_att_noSDF:argent_self_nosdf_s_177b264d,2 <= log_life < 3,2 <= log_life < 3,3491,3491,0.1887177675962448,0.22756454348564148,-0.015940608456730843,0.18217921257019043,0.1887177675962448,0.22756454348564148,-0.015940608456730843,0.18217921257019043,False,100.0,4000,validation-split evaluation
Zonal,Edge,1.0,ArGEnT_self_att_noSDF,c:\Users\abfat\Desktop\Disc_lifing_paper_v2\Zonal\Edge\ArGEnT_self_att_noSDF\Trained_models\argent_self_nosdf_s_177b264d.pt,Edge:ArGEnT_self_att_noSDF:argent_self_nosdf_s_177b264d,3 <= log_life < 4,3 <= log_life < 4,8723,8723,0.09554499387741089,0.14232484996318817,0.007311953231692314,0.06974673271179199,0.09554499387741089,0.14232484996318817,0.007311953231692314,0.06974673271179199,False,100.0,4000,validation-split evaluation
Zonal,Edge,1.0,ArGEnT_self_att_noSDF,c:\Users\abfat\Desktop\Disc_lifing_paper_v2\Zonal\Edge\ArGEnT_self_att_noSDF\Trained_models\argent_self_nosdf_s_177b264d.pt,Edge:ArGEnT_self_att_noSDF:argent_self_nosdf_s_177b264d,4 <= log_life < 6,4 <= log_life < 6,239075,239075,0.0161665678024292,0.047661591321229935,-5.354162567527965e-06,0.0044994354248046875,0.0161665678024292,0.047661591321229935,-5.354162567527965e-06,0.0044994354248046875,False,100.0,4000,validation-split evaluation
Zonal,Edge,1.0,ArGEnT_self_att_noSDF,c:\Users\abfat\Desktop\Disc_lifing_paper_v2\Zonal\Edge\ArGEnT_self_att_noSDF\Trained_models\argent_self_nosdf_s_177b264d.pt,Edge:ArGEnT_self_att_noSDF:argent_self_nosdf_s_177b264d,log_life >= 6,log_life >= 6,426681,426681,0.01236451230943203,0.0302608422935009,-0.0009582830243743956,0.005778312683105469,0.01236451230943203,0.0302608422935009,-0.0009582830243743956,0.005778312683105469,False,100.0,4000,validation-split evaluation
Zonal,Edge,1.0,GINOT-A,c:\Users\abfat\Desktop\Disc_lifing_paper_v2\Zonal\Edge\GINOT\Trained_models\ginot_a_match_250k_35ccca67.pt,Edge:GINOT-A:ginot_a_match_250k_35ccca67,Full test set,Full test set,679000,679000,0.019554462283849716,0.050565775483846664,-7.190701580839232e-05,0.007869243621826172,0.019554462283849716,0.050565775483846664,-7.190701580839232e-05,0.007869243621826172,False,100.0,4000,validation-split evaluation
Zonal,Edge,1.0,GINOT-A,c:\Users\abfat\Desktop\Disc_lifing_paper_v2\Zonal\Edge\GINOT\Trained_models\ginot_a_match_250k_35ccca67.pt,Edge:GINOT-A:ginot_a_match_250k_35ccca67,log_life < 2,log_life < 2,1030,1030,0.2360495924949646,0.26204913854599,0.19262811541557312,0.23627394437789917,0.2360495924949646,0.26204913854599,0.19262811541557312,0.23627394437789917,False,100.0,4000,validation-split evaluation
Zonal,Edge,1.0,GINOT-A,c:\Users\abfat\Desktop\Disc_lifing_paper_v2\Zonal\Edge\GINOT\Trained_models\ginot_a_match_250k_35ccca67.pt,Edge:GINOT-A:ginot_a_match_250k_35ccca67,2 <= log_life < 3,2 <= log_life < 3,3491,3491,0.17932918667793274,0.22467140853405,0.013074620626866817,0.1574108600616455,0.17932918667793274,0.22467140853405,0.013074620626866817,0.1574108600616455,False,100.0,4000,validation-split evaluation
Zonal,Edge,1.0,GINOT-A,c:\Users\abfat\Desktop\Disc_lifing_paper_v2\Zonal\Edge\GINOT\Trained_models\ginot_a_match_250k_35ccca67.pt,Edge:GINOT-A:ginot_a_match_250k_35ccca67,3 <= log_life < 4,3 <= log_life < 4,8723,8723,0.10028502345085144,0.14621950685977936,0.011082458309829235,0.07596421241760254,0.10028502345085144,0.14621950685977936,0.011082458309829235,0.07596421241760254,False,100.0,4000,validation-split evaluation
Zonal,Edge,1.0,GINOT-A,c:\Users\abfat\Desktop\Disc_lifing_paper_v2\Zonal\Edge\GINOT\Trained_models\ginot_a_match_250k_35ccca67.pt,Edge:GINOT-A:ginot_a_match_250k_35ccca67,4 <= log_life < 6,4 <= log_life < 6,239075,239075,0.02023952640593052,0.054437700659036636,-0.0004451188142411411,0.006974697113037109,0.02023952640593052,0.054437700659036636,-0.0004451188142411411,0.006974697113037109,False,100.0,4000,validation-split evaluation
Zonal,Edge,1.0,GINOT-A,c:\Users\abfat\Desktop\Disc_lifing_paper_v2\Zonal\Edge\GINOT\Trained_models\ginot_a_match_250k_35ccca67.pt,Edge:GINOT-A:ginot_a_match_250k_35ccca67,log_life >= 6,log_life >= 6,426681,426681,0.01569031924009323,0.03731763735413551,-0.0006635655299760401,0.008152008056640625,0.01569031924009323,0.03731763735413551,-0.0006635655299760401,0.008152008056640625,False,100.0,4000,validation-split evaluation
Zonal,Edge,1.0,PointNetMLPJoint_FP,c:\Users\abfat\Desktop\Disc_lifing_paper_v2\Zonal\Edge\PointNetMLPJoint_FP\Trained_models\pnmlp_16932d84.pt,Edge:PointNetMLPJoint_FP:pnmlp_16932d84,Full test set,Full test set,679000,679000,0.012962027452886105,0.028685396537184715,0.0002916878729593009,0.006410121917724609,0.012962027452886105,0.028685396537184715,0.0002916878729593009,0.006410121917724609,False,100.0,4000,validation-split evaluation
Zonal,Edge,1.0,PointNetMLPJoint_FP,c:\Users\abfat\Desktop\Disc_lifing_paper_v2\Zonal\Edge\PointNetMLPJoint_FP\Trained_models\pnmlp_16932d84.pt,Edge:PointNetMLPJoint_FP:pnmlp_16932d84,log_life < 2,log_life < 2,1030,1030,0.0478641502559185,0.07222291827201843,0.005939633585512638,0.032932817935943604,0.0478641502559185,0.07222291827201843,0.005939633585512638,0.032932817935943604,False,100.0,4000,validation-split evaluation
Zonal,Edge,1.0,PointNetMLPJoint_FP,c:\Users\abfat\Desktop\Disc_lifing_paper_v2\Zonal\Edge\PointNetMLPJoint_FP\Trained_models\pnmlp_16932d84.pt,Edge:PointNetMLPJoint_FP:pnmlp_16932d84,2 <= log_life < 3,2 <= log_life < 3,3491,3491,0.052245430648326874,0.07918249815702438,0.004846611525863409,0.037439823150634766,0.052245430648326874,0.07918249815702438,0.004846611525863409,0.037439823150634766,False,100.0,4000,validation-split evaluation
Zonal,Edge,1.0,PointNetMLPJoint_FP,c:\Users\abfat\Desktop\Disc_lifing_paper_v2\Zonal\Edge\PointNetMLPJoint_FP\Trained_models\pnmlp_16932d84.pt,Edge:PointNetMLPJoint_FP:pnmlp_16932d84,3 <= log_life < 4,3 <= log_life < 4,8723,8723,0.053481895476579666,0.08325625211000443,0.003990743309259415,0.035915374755859375,0.053481895476579666,0.08325625211000443,0.003990743309259415,0.035915374755859375,False,100.0,4000,validation-split evaluation
Zonal,Edge,1.0,PointNetMLPJoint_FP,c:\Users\abfat\Desktop\Disc_lifing_paper_v2\Zonal\Edge\PointNetMLPJoint_FP\Trained_models\pnmlp_16932d84.pt,Edge:PointNetMLPJoint_FP:pnmlp_16932d84,4 <= log_life < 6,4 <= log_life < 6,239075,239075,0.012794475071132183,0.03134286776185036,-0.0015125214122235775,0.005403995513916016,0.012794475071132183,0.03134286776185036,-0.0015125214122235775,0.005403995513916016,False,100.0,4000,validation-split evaluation
Zonal,Edge,1.0,PointNetMLPJoint_FP,c:\Users\abfat\Desktop\Disc_lifing_paper_v2\Zonal\Edge\PointNetMLPJoint_FP\Trained_models\pnmlp_16932d84.pt,Edge:PointNetMLPJoint_FP:pnmlp_16932d84,log_life >= 6,log_life >= 6,426681,426681,0.01182186882942915,0.023524688556790352,0.0011760859051719308,0.0067920684814453125,0.01182186882942915,0.023524688556790352,0.0011760859051719308,0.0067920684814453125,False,100.0,4000,validation-split evaluation
Zonal,Edge_10,0.1,ArGEnT_self_att_noSDF,c:\Users\abfat\Desktop\Disc_lifing_paper_v2\Zonal\Edge_10\ArGEnT_self_att_noSDF\Trained_models\argent_self_nosdf_s_177b264d.pt,Edge_10:ArGEnT_self_att_noSDF:argent_self_nosdf_s_177b264d,Full test set,Full test set,679000,679000,0.04058443009853363,0.08689647912979126,0.000618453836068511,0.0195462703704834,0.04058443009853363,0.08689647912979126,0.000618453836068511,0.0195462703704834,False,10.0,400,validation-split evaluation
Zonal,Edge_10,0.1,ArGEnT_self_att_noSDF,c:\Users\abfat\Desktop\Disc_lifing_paper_v2\Zonal\Edge_10\ArGEnT_self_att_noSDF\Trained_models\argent_self_nosdf_s_177b264d.pt,Edge_10:ArGEnT_self_att_noSDF:argent_self_nosdf_s_177b264d,log_life < 2,log_life < 2,1030,1030,0.3939432203769684,0.46041831374168396,0.3700747489929199,0.3657342791557312,0.3939432203769684,0.46041831374168396,0.3700747489929199,0.3657342791557312,False,10.0,400,validation-split evaluation
Zonal,Edge_10,0.1,ArGEnT_self_att_noSDF,c:\Users\abfat\Desktop\Disc_lifing_paper_v2\Zonal\Edge_10\ArGEnT_self_att_noSDF\Trained_models\argent_self_nosdf_s_177b264d.pt,Edge_10:ArGEnT_self_att_noSDF:argent_self_nosdf_s_177b264d,2 <= log_life < 3,2 <= log_life < 3,3491,3491,0.2943485677242279,0.39500436186790466,0.0896918997168541,0.21901178359985352,0.2943485677242279,0.39500436186790466,0.0896918997168541,0.21901178359985352,False,10.0,400,validation-split evaluation
Zonal,Edge_10,0.1,ArGEnT_self_att_noSDF,c:\Users\abfat\Desktop\Disc_lifing_paper_v2\Zonal\Edge_10\ArGEnT_self_att_noSDF\Trained_models\argent_self_nosdf_s_177b264d.pt,Edge_10:ArGEnT_self_att_noSDF:argent_self_nosdf_s_177b264d,3 <= log_life < 4,3 <= log_life < 4,8723,8723,0.1835276484489441,0.28034788370132446,0.014562959782779217,0.11701464653015137,0.1835276484489441,0.28034788370132446,0.014562959782779217,0.11701464653015137,False,10.0,400,validation-split evaluation
Zonal,Edge_10,0.1,ArGEnT_self_att_noSDF,c:\Users\abfat\Desktop\Disc_lifing_paper_v2\Zonal\Edge_10\ArGEnT_self_att_noSDF\Trained_models\argent_self_nosdf_s_177b264d.pt,Edge_10:ArGEnT_self_att_noSDF:argent_self_nosdf_s_177b264d,4 <= log_life < 6,4 <= log_life < 6,239075,239075,0.04584690183401108,0.09461866319179535,0.0005294777220115066,0.019587039947509766,0.04584690183401108,0.09461866319179535,0.0005294777220115066,0.019587039947509766,False,10.0,400,validation-split evaluation
Zonal,Edge_10,0.1,ArGEnT_self_att_noSDF,c:\Users\abfat\Desktop\Disc_lifing_paper_v2\Zonal\Edge_10\ArGEnT_self_att_noSDF\Trained_models\argent_self_nosdf_s_177b264d.pt,Edge_10:ArGEnT_self_att_noSDF:argent_self_nosdf_s_177b264d,log_life >= 6,log_life >= 6,426681,426681,0.03178425133228302,0.06004076823592186,-0.001237408840097487,0.018875598907470703,0.03178425133228302,0.06004076823592186,-0.001237408840097487,0.018875598907470703,False,10.0,400,validation-split evaluation
Zonal,Edge_10,0.1,GINOT-A,c:\Users\abfat\Desktop\Disc_lifing_paper_v2\Zonal\Edge_10\GINOT\Trained_models\ginot_a_match_250k_35ccca67_0.10.pt,Edge_10:GINOT-A:ginot_a_match_250k_35ccca67_0.10,Full test set,Full test set,679000,679000,0.03183716908097267,0.06707843393087387,-0.001183914253488183,0.01703786849975586,0.03183716908097267,0.06707843393087387,-0.001183914253488183,0.01703786849975586,False,10.0,400,validation-split evaluation
Zonal,Edge_10,0.1,GINOT-A,c:\Users\abfat\Desktop\Disc_lifing_paper_v2\Zonal\Edge_10\GINOT\Trained_models\ginot_a_match_250k_35ccca67_0.10.pt,Edge_10:GINOT-A:ginot_a_match_250k_35ccca67_0.10,log_life < 2,log_life < 2,1030,1030,0.28220734000205994,0.3389165699481964,0.24893353879451752,0.25799089670181274,0.28220734000205994,0.3389165699481964,0.24893353879451752,0.25799089670181274,False,10.0,400,validation-split evaluation
Zonal,Edge_10,0.1,GINOT-A,c:\Users\abfat\Desktop\Disc_lifing_paper_v2\Zonal\Edge_10\GINOT\Trained_models\ginot_a_match_250k_35ccca67_0.10.pt,Edge_10:GINOT-A:ginot_a_match_250k_35ccca67_0.10,2 <= log_life < 3,2 <= log_life < 3,3491,3491,0.22703255712985992,0.2841455042362213,0.011471835896372795,0.19150924682617188,0.22703255712985992,0.2841455042362213,0.011471835896372795,0.19150924682617188,False,10.0,400,validation-split evaluation
Zonal,Edge_10,0.1,GINOT-A,c:\Users\abfat\Desktop\Disc_lifing_paper_v2\Zonal\Edge_10\GINOT\Trained_models\ginot_a_match_250k_35ccca67_0.10.pt,Edge_10:GINOT-A:ginot_a_match_250k_35ccca67_0.10,3 <= log_life < 4,3 <= log_life < 4,8723,8723,0.13321346044540405,0.19034646451473236,0.03700410574674606,0.09626460075378418,0.13321346044540405,0.19034646451473236,0.03700410574674606,0.09626460075378418,False,10.0,400,validation-split evaluation
Zonal,Edge_10,0.1,GINOT-A,c:\Users\abfat\Desktop\Disc_lifing_paper_v2\Zonal\Edge_10\GINOT\Trained_models\ginot_a_match_250k_35ccca67_0.10.pt,Edge_10:GINOT-A:ginot_a_match_250k_35ccca67_0.10,4 <= log_life < 6,4 <= log_life < 6,239075,239075,0.030061054974794388,0.06944688409566879,0.0005178692517802119,0.013169288635253906,0.030061054974794388,0.06944688409566879,0.0005178692517802119,0.013169288635253906,False,10.0,400,validation-split evaluation
Zonal,Edge_10,0.1,GINOT-A,c:\Users\abfat\Desktop\Disc_lifing_paper_v2\Zonal\Edge_10\GINOT\Trained_models\ginot_a_match_250k_35ccca67_0.10.pt,Edge_10:GINOT-A:ginot_a_match_250k_35ccca67_0.10,log_life >= 6,log_life >= 6,426681,426681,0.028558399528265,0.052720196545124054,-0.0036254809238016605,0.018879413604736328,0.028558399528265,0.052720196545124054,-0.0036254809238016605,0.018879413604736328,False,10.0,400,validation-split evaluation
Zonal,Edge_10,0.1,PointNetMLPJoint_FP,c:\Users\abfat\Desktop\Disc_lifing_paper_v2\Zonal\Edge_10\PointNetMLPJoint_FP\Trained_models\pnmlp_16932d84.pt,Edge_10:PointNetMLPJoint_FP:pnmlp_16932d84,Full test set,Full test set,679000,679000,0.03714447468519211,0.07686028629541397,0.00029306675423868,0.019379615783691406,0.03714447468519211,0.07686028629541397,0.00029306675423868,0.019379615783691406,False,10.0,400,validation-split evaluation
Zonal,Edge_10,0.1,PointNetMLPJoint_FP,c:\Users\abfat\Desktop\Disc_lifing_paper_v2\Zonal\Edge_10\PointNetMLPJoint_FP\Trained_models\pnmlp_16932d84.pt,Edge_10:PointNetMLPJoint_FP:pnmlp_16932d84,log_life < 2,log_life < 2,1030,1030,0.25206756591796875,0.3135848343372345,0.1860014796257019,0.2191116213798523,0.25206756591796875,0.3135848343372345,0.1860014796257019,0.2191116213798523,False,10.0,400,validation-split evaluation
Zonal,Edge_10,0.1,PointNetMLPJoint_FP,c:\Users\abfat\Desktop\Disc_lifing_paper_v2\Zonal\Edge_10\PointNetMLPJoint_FP\Trained_models\pnmlp_16932d84.pt,Edge_10:PointNetMLPJoint_FP:pnmlp_16932d84,2 <= log_life < 3,2 <= log_life < 3,3491,3491,0.2530238628387451,0.3187045156955719,-0.0035166917368769646,0.2147061824798584,0.2530238628387451,0.3187045156955719,-0.0035166917368769646,0.2147061824798584,False,10.0,400,validation-split evaluation
Zonal,Edge_10,0.1,PointNetMLPJoint_FP,c:\Users\abfat\Desktop\Disc_lifing_paper_v2\Zonal\Edge_10\PointNetMLPJoint_FP\Trained_models\pnmlp_16932d84.pt,Edge_10:PointNetMLPJoint_FP:pnmlp_16932d84,3 <= log_life < 4,3 <= log_life < 4,8723,8723,0.16052401065826416,0.23139356076717377,0.03618275746703148,0.11062264442443848,0.16052401065826416,0.23139356076717377,0.03618275746703148,0.11062264442443848,False,10.0,400,validation-split evaluation
Zonal,Edge_10,0.1,PointNetMLPJoint_FP,c:\Users\abfat\Desktop\Disc_lifing_paper_v2\Zonal\Edge_10\PointNetMLPJoint_FP\Trained_models\pnmlp_16932d84.pt,Edge_10:PointNetMLPJoint_FP:pnmlp_16932d84,4 <= log_life < 6,4 <= log_life < 6,239075,239075,0.0374252013862133,0.079996258020401,0.002562113804742694,0.018048763275146484,0.0374252013862133,0.079996258020401,0.002562113804742694,0.018048763275146484,False,10.0,400,validation-split evaluation
Zonal,Edge_10,0.1,PointNetMLPJoint_FP,c:\Users\abfat\Desktop\Disc_lifing_paper_v2\Zonal\Edge_10\PointNetMLPJoint_FP\Trained_models\pnmlp_16932d84.pt,Edge_10:PointNetMLPJoint_FP:pnmlp_16932d84,log_life >= 6,log_life >= 6,426681,426681,0.032179731875658035,0.06043349206447601,-0.0021291596349328756,0.01948833465576172,0.032179731875658035,0.06043349206447601,-0.0021291596349328756,0.01948833465576172,False,10.0,400,validation-split evaluation
Zonal,Edge_25,0.25,ArGEnT_self_att_noSDF,c:\Users\abfat\Desktop\Disc_lifing_paper_v2\Zonal\Edge_25\ArGEnT_self_att_noSDF\Trained_models\argent_self_nosdf_s_177b264d.pt,Edge_25:ArGEnT_self_att_noSDF:argent_self_nosdf_s_177b264d,Full test set,Full test set,679000,679000,0.02176246978342533,0.054571494460105896,0.00027712187147699296,0.009266138076782227,0.02176246978342533,0.054571494460105896,0.00027712187147699296,0.009266138076782227,False,25.0,1000,validation-split evaluation
Zonal,Edge_25,0.25,ArGEnT_self_att_noSDF,c:\Users\abfat\Desktop\Disc_lifing_paper_v2\Zonal\Edge_25\ArGEnT_self_att_noSDF\Trained_models\argent_self_nosdf_s_177b264d.pt,Edge_25:ArGEnT_self_att_noSDF:argent_self_nosdf_s_177b264d,log_life < 2,log_life < 2,1030,1030,0.2565504312515259,0.2841249406337738,0.21611200273036957,0.2518198490142822,0.2565504312515259,0.2841249406337738,0.21611200273036957,0.2518198490142822,False,25.0,1000,validation-split evaluation
Zonal,Edge_25,0.25,ArGEnT_self_att_noSDF,c:\Users\abfat\Desktop\Disc_lifing_paper_v2\Zonal\Edge_25\ArGEnT_self_att_noSDF\Trained_models\argent_self_nosdf_s_177b264d.pt,Edge_25:ArGEnT_self_att_noSDF:argent_self_nosdf_s_177b264d,2 <= log_life < 3,2 <= log_life < 3,3491,3491,0.20602409541606903,0.2476181536912918,-0.02045862376689911,0.1930861473083496,0.20602409541606903,0.2476181536912918,-0.02045862376689911,0.1930861473083496,False,25.0,1000,validation-split evaluation
Zonal,Edge_25,0.25,ArGEnT_self_att_noSDF,c:\Users\abfat\Desktop\Disc_lifing_paper_v2\Zonal\Edge_25\ArGEnT_self_att_noSDF\Trained_models\argent_self_nosdf_s_177b264d.pt,Edge_25:ArGEnT_self_att_noSDF:argent_self_nosdf_s_177b264d,3 <= log_life < 4,3 <= log_life < 4,8723,8723,0.11249115318059921,0.16345374286174774,0.011420234106481075,0.08197617530822754,0.11249115318059921,0.16345374286174774,0.011420234106481075,0.08197617530822754,False,25.0,1000,validation-split evaluation
Zonal,Edge_25,0.25,ArGEnT_self_att_noSDF,c:\Users\abfat\Desktop\Disc_lifing_paper_v2\Zonal\Edge_25\ArGEnT_self_att_noSDF\Trained_models\argent_self_nosdf_s_177b264d.pt,Edge_25:ArGEnT_self_att_noSDF:argent_self_nosdf_s_177b264d,4 <= log_life < 6,4 <= log_life < 6,239075,239075,0.02172745391726494,0.057944003492593765,0.0007397686713375151,0.007373332977294922,0.02172745391726494,0.057944003492593765,0.0007397686713375151,0.007373332977294922,False,25.0,1000,validation-split evaluation
Zonal,Edge_25,0.25,ArGEnT_self_att_noSDF,c:\Users\abfat\Desktop\Disc_lifing_paper_v2\Zonal\Edge_25\ArGEnT_self_att_noSDF\Trained_models\argent_self_nosdf_s_177b264d.pt,Edge_25:ArGEnT_self_att_noSDF:argent_self_nosdf_s_177b264d,log_life >= 6,log_life >= 6,426681,426681,0.017852887511253357,0.040188711136579514,-0.0005612798850052059,0.010104179382324219,0.017852887511253357,0.040188711136579514,-0.0005612798850052059,0.010104179382324219,False,25.0,1000,validation-split evaluation
Zonal,Edge_25,0.25,GINOT-A,c:\Users\abfat\Desktop\Disc_lifing_paper_v2\Zonal\Edge_25\GINOT\Trained_models\ginot_a_match_250k_35ccca67_0.25.pt,Edge_25:GINOT-A:ginot_a_match_250k_35ccca67_0.25,Full test set,Full test set,679000,679000,0.025883477181196213,0.059603869915008545,0.002663346705958247,0.012602806091308594,0.025883477181196213,0.059603869915008545,0.002663346705958247,0.012602806091308594,False,25.0,1000,validation-split evaluation
Zonal,Edge_25,0.25,GINOT-A,c:\Users\abfat\Desktop\Disc_lifing_paper_v2\Zonal\Edge_25\GINOT\Trained_models\ginot_a_match_250k_35ccca67_0.25.pt,Edge_25:GINOT-A:ginot_a_match_250k_35ccca67_0.25,log_life < 2,log_life < 2,1030,1030,0.26470881700515747,0.3053678274154663,0.22056977450847626,0.25223731994628906,0.26470881700515747,0.3053678274154663,0.22056977450847626,0.25223731994628906,False,25.0,1000,validation-split evaluation
Zonal,Edge_25,0.25,GINOT-A,c:\Users\abfat\Desktop\Disc_lifing_paper_v2\Zonal\Edge_25\GINOT\Trained_models\ginot_a_match_250k_35ccca67_0.25.pt,Edge_25:GINOT-A:ginot_a_match_250k_35ccca67_0.25,2 <= log_life < 3,2 <= log_life < 3,3491,3491,0.20067967474460602,0.25158584117889404,-0.0033568423241376877,0.1687631607055664,0.20067967474460602,0.25158584117889404,-0.0033568423241376877,0.1687631607055664,False,25.0,1000,validation-split evaluation
Zonal,Edge_25,0.25,GINOT-A,c:\Users\abfat\Desktop\Disc_lifing_paper_v2\Zonal\Edge_25\GINOT\Trained_models\ginot_a_match_250k_35ccca67_0.25.pt,Edge_25:GINOT-A:ginot_a_match_250k_35ccca67_0.25,3 <= log_life < 4,3 <= log_life < 4,8723,8723,0.118857242166996,0.1694975346326828,-0.0005811043665744364,0.0870521068572998,0.118857242166996,0.1694975346326828,-0.0005811043665744364,0.0870521068572998,False,25.0,1000,validation-split evaluation
Zonal,Edge_25,0.25,GINOT-A,c:\Users\abfat\Desktop\Disc_lifing_paper_v2\Zonal\Edge_25\GINOT\Trained_models\ginot_a_match_250k_35ccca67_0.25.pt,Edge_25:GINOT-A:ginot_a_match_250k_35ccca67_0.25,4 <= log_life < 6,4 <= log_life < 6,239075,239075,0.025339215993881226,0.06314176321029663,-0.0035221863072365522,0.010135173797607422,0.025339215993881226,0.06314176321029663,-0.0035221863072365522,0.010135173797607422,False,25.0,1000,validation-split evaluation
Zonal,Edge_25,0.25,GINOT-A,c:\Users\abfat\Desktop\Disc_lifing_paper_v2\Zonal\Edge_25\GINOT\Trained_models\ginot_a_match_250k_35ccca67_0.25.pt,Edge_25:GINOT-A:ginot_a_match_250k_35ccca67_0.25,log_life >= 6,log_life >= 6,426681,426681,0.022281035780906677,0.04570843651890755,0.0057187448255717754,0.013730525970458984,0.022281035780906677,0.04570843651890755,0.0057187448255717754,0.013730525970458984,False,25.0,1000,validation-split evaluation
Zonal,Edge_25,0.25,PointNetMLPJoint_FP,c:\Users\abfat\Desktop\Disc_lifing_paper_v2\Zonal\Edge_25\PointNetMLPJoint_FP\Trained_models\pnmlp_16932d84.pt,Edge_25:PointNetMLPJoint_FP:pnmlp_16932d84,Full test set,Full test set,679000,679000,0.02605379931628704,0.06004792079329491,-0.0009774526115506887,0.012562751770019531,0.02605379931628704,0.06004792079329491,-0.0009774526115506887,0.012562751770019531,False,25.0,1000,validation-split evaluation
Zonal,Edge_25,0.25,PointNetMLPJoint_FP,c:\Users\abfat\Desktop\Disc_lifing_paper_v2\Zonal\Edge_25\PointNetMLPJoint_FP\Trained_models\pnmlp_16932d84.pt,Edge_25:PointNetMLPJoint_FP:pnmlp_16932d84,log_life < 2,log_life < 2,1030,1030,0.197499081492424,0.25689005851745605,0.11474508792161942,0.1557321548461914,0.197499081492424,0.25689005851745605,0.11474508792161942,0.1557321548461914,False,25.0,1000,validation-split evaluation
Zonal,Edge_25,0.25,PointNetMLPJoint_FP,c:\Users\abfat\Desktop\Disc_lifing_paper_v2\Zonal\Edge_25\PointNetMLPJoint_FP\Trained_models\pnmlp_16932d84.pt,Edge_25:PointNetMLPJoint_FP:pnmlp_16932d84,2 <= log_life < 3,2 <= log_life < 3,3491,3491,0.20554767549037933,0.26983118057250977,-0.03281611204147339,0.1560990810394287,0.20554767549037933,0.26983118057250977,-0.03281611204147339,0.1560990810394287,False,25.0,1000,validation-split evaluation
Zonal,Edge_25,0.25,PointNetMLPJoint_FP,c:\Users\abfat\Desktop\Disc_lifing_paper_v2\Zonal\Edge_25\PointNetMLPJoint_FP\Trained_models\pnmlp_16932d84.pt,Edge_25:PointNetMLPJoint_FP:pnmlp_16932d84,3 <= log_life < 4,3 <= log_life < 4,8723,8723,0.12180381268262863,0.181505486369133,0.025960613042116165,0.08314180374145508,0.12180381268262863,0.181505486369133,0.025960613042116165,0.08314180374145508,False,25.0,1000,validation-split evaluation
Zonal,Edge_25,0.25,PointNetMLPJoint_FP,c:\Users\abfat\Desktop\Disc_lifing_paper_v2\Zonal\Edge_25\PointNetMLPJoint_FP\Trained_models\pnmlp_16932d84.pt,Edge_25:PointNetMLPJoint_FP:pnmlp_16932d84,4 <= log_life < 6,4 <= log_life < 6,239075,239075,0.026317428797483444,0.06366994231939316,0.0008217553258873522,0.011095523834228516,0.026317428797483444,0.06366994231939316,0.0008217553258873522,0.011095523834228516,False,25.0,1000,validation-split evaluation
Zonal,Edge_25,0.25,PointNetMLPJoint_FP,c:\Users\abfat\Desktop\Disc_lifing_paper_v2\Zonal\Edge_25\PointNetMLPJoint_FP\Trained_models\pnmlp_16932d84.pt,Edge_25:PointNetMLPJoint_FP:pnmlp_16932d84,log_life >= 6,log_life >= 6,426681,426681,0.022066140547394753,0.04514505714178085,-0.0025551458820700645,0.012986183166503906,0.022066140547394753,0.04514505714178085,-0.0025551458820700645,0.012986183166503906,False,25.0,1000,validation-split evaluation
Zonal,Edge_50,0.5,ArGEnT_self_att_noSDF,c:\Users\abfat\Desktop\Disc_lifing_paper_v2\Zonal\Edge_50\ArGEnT_self_att_noSDF\Trained_models\argent_self_nosdf_s_177b264d.pt,Edge_50:ArGEnT_self_att_noSDF:argent_self_nosdf_s_177b264d,Full test set,Full test set,679000,679000,0.01992647536098957,0.05110274255275726,-0.00021199633192736655,0.008043766021728516,0.01992647536098957,0.05110274255275726,-0.00021199633192736655,0.008043766021728516,False,50.0,2000,validation-split evaluation
Zonal,Edge_50,0.5,ArGEnT_self_att_noSDF,c:\Users\abfat\Desktop\Disc_lifing_paper_v2\Zonal\Edge_50\ArGEnT_self_att_noSDF\Trained_models\argent_self_nosdf_s_177b264d.pt,Edge_50:ArGEnT_self_att_noSDF:argent_self_nosdf_s_177b264d,log_life < 2,log_life < 2,1030,1030,0.25929442048072815,0.27848392724990845,0.2126450389623642,0.2621532678604126,0.25929442048072815,0.27848392724990845,0.2126450389623642,0.2621532678604126,False,50.0,2000,validation-split evaluation
Zonal,Edge_50,0.5,ArGEnT_self_att_noSDF,c:\Users\abfat\Desktop\Disc_lifing_paper_v2\Zonal\Edge_50\ArGEnT_self_att_noSDF\Trained_models\argent_self_nosdf_s_177b264d.pt,Edge_50:ArGEnT_self_att_noSDF:argent_self_nosdf_s_177b264d,2 <= log_life < 3,2 <= log_life < 3,3491,3491,0.19876810908317566,0.2369319349527359,-0.02055005542933941,0.1919872760772705,0.19876810908317566,0.2369319349527359,-0.02055005542933941,0.1919872760772705,False,50.0,2000,validation-split evaluation
Zonal,Edge_50,0.5,ArGEnT_self_att_noSDF,c:\Users\abfat\Desktop\Disc_lifing_paper_v2\Zonal\Edge_50\ArGEnT_self_att_noSDF\Trained_models\argent_self_nosdf_s_177b264d.pt,Edge_50:ArGEnT_self_att_noSDF:argent_self_nosdf_s_177b264d,3 <= log_life < 4,3 <= log_life < 4,8723,8723,0.10579556226730347,0.15132774412631989,0.011357367970049381,0.08047986030578613,0.10579556226730347,0.15132774412631989,0.011357367970049381,0.08047986030578613,False,50.0,2000,validation-split evaluation
Zonal,Edge_50,0.5,ArGEnT_self_att_noSDF,c:\Users\abfat\Desktop\Disc_lifing_paper_v2\Zonal\Edge_50\ArGEnT_self_att_noSDF\Trained_models\argent_self_nosdf_s_177b264d.pt,Edge_50:ArGEnT_self_att_noSDF:argent_self_nosdf_s_177b264d,4 <= log_life < 6,4 <= log_life < 6,239075,239075,0.02004942111670971,0.05509776249527931,0.0006234424072317779,0.006247997283935547,0.02004942111670971,0.05509776249527931,0.0006234424072317779,0.006247997283935547,False,50.0,2000,validation-split evaluation
Zonal,Edge_50,0.5,ArGEnT_self_att_noSDF,c:\Users\abfat\Desktop\Disc_lifing_paper_v2\Zonal\Edge_50\ArGEnT_self_att_noSDF\Trained_models\argent_self_nosdf_s_177b264d.pt,Edge_50:ArGEnT_self_att_noSDF:argent_self_nosdf_s_177b264d,log_life >= 6,log_life >= 6,426681,426681,0.016061022877693176,0.03660804405808449,-0.001264057937078178,0.008897781372070312,0.016061022877693176,0.03660804405808449,-0.001264057937078178,0.008897781372070312,False,50.0,2000,validation-split evaluation
Zonal,Edge_50,0.5,GINOT-A,c:\Users\abfat\Desktop\Disc_lifing_paper_v2\Zonal\Edge_50\GINOT\Trained_models\ginot_a_match_250k_35ccca67_0.50.pt,Edge_50:GINOT-A:ginot_a_match_250k_35ccca67_0.50,Full test set,Full test set,679000,679000,0.021947771310806274,0.05457823723554611,0.0033192147966474295,0.009258270263671875,0.021947771310806274,0.05457823723554611,0.0033192147966474295,0.009258270263671875,False,50.0,2000,validation-split evaluation
Zonal,Edge_50,0.5,GINOT-A,c:\Users\abfat\Desktop\Disc_lifing_paper_v2\Zonal\Edge_50\GINOT\Trained_models\ginot_a_match_250k_35ccca67_0.50.pt,Edge_50:GINOT-A:ginot_a_match_250k_35ccca67_0.50,log_life < 2,log_life < 2,1030,1030,0.24206306040287018,0.265802264213562,0.19721390306949615,0.2389976978302002,0.24206306040287018,0.265802264213562,0.19721390306949615,0.2389976978302002,False,50.0,2000,validation-split evaluation
Zonal,Edge_50,0.5,GINOT-A,c:\Users\abfat\Desktop\Disc_lifing_paper_v2\Zonal\Edge_50\GINOT\Trained_models\ginot_a_match_250k_35ccca67_0.50.pt,Edge_50:GINOT-A:ginot_a_match_250k_35ccca67_0.50,2 <= log_life < 3,2 <= log_life < 3,3491,3491,0.2028386890888214,0.24394860863685608,-0.0297856368124485,0.1917722225189209,0.2028386890888214,0.24394860863685608,-0.0297856368124485,0.1917722225189209,False,50.0,2000,validation-split evaluation
Zonal,Edge_50,0.5,GINOT-A,c:\Users\abfat\Desktop\Disc_lifing_paper_v2\Zonal\Edge_50\GINOT\Trained_models\ginot_a_match_250k_35ccca67_0.50.pt,Edge_50:GINOT-A:ginot_a_match_250k_35ccca67_0.50,3 <= log_life < 4,3 <= log_life < 4,8723,8723,0.11218477785587311,0.16106843948364258,0.015393140725791454,0.08405351638793945,0.11218477785587311,0.16106843948364258,0.015393140725791454,0.08405351638793945,False,50.0,2000,validation-split evaluation
Zonal,Edge_50,0.5,GINOT-A,c:\Users\abfat\Desktop\Disc_lifing_paper_v2\Zonal\Edge_50\GINOT\Trained_models\ginot_a_match_250k_35ccca67_0.50.pt,Edge_50:GINOT-A:ginot_a_match_250k_35ccca67_0.50,4 <= log_life < 6,4 <= log_life < 6,239075,239075,0.021783798933029175,0.05883854255080223,0.0013742492301389575,0.007069587707519531,0.021783798933029175,0.05883854255080223,0.0013742492301389575,0.007069587707519531,False,50.0,2000,validation-split evaluation
Zonal,Edge_50,0.5,GINOT-A,c:\Users\abfat\Desktop\Disc_lifing_paper_v2\Zonal\Edge_50\GINOT\Trained_models\ginot_a_match_250k_35ccca67_0.50.pt,Edge_50:GINOT-A:ginot_a_match_250k_35ccca67_0.50,log_life >= 6,log_life >= 6,426681,426681,0.018183493986725807,0.04015815630555153,0.0039649647660553455,0.010287761688232422,0.018183493986725807,0.04015815630555153,0.0039649647660553455,0.010287761688232422,False,50.0,2000,validation-split evaluation
Zonal,Edge_50,0.5,PointNetMLPJoint_FP,c:\Users\abfat\Desktop\Disc_lifing_paper_v2\Zonal\Edge_50\PointNetMLPJoint_FP\Trained_models\pnmlp_16932d84.pt,Edge_50:PointNetMLPJoint_FP:pnmlp_16932d84,Full test set,Full test set,679000,679000,0.020724859088659286,0.04590707644820213,-0.0026241601444780827,0.010922908782958984,0.020724859088659286,0.04590707644820213,-0.0026241601444780827,0.010922908782958984,False,50.0,2000,validation-split evaluation
Zonal,Edge_50,0.5,PointNetMLPJoint_FP,c:\Users\abfat\Desktop\Disc_lifing_paper_v2\Zonal\Edge_50\PointNetMLPJoint_FP\Trained_models\pnmlp_16932d84.pt,Edge_50:PointNetMLPJoint_FP:pnmlp_16932d84,log_life < 2,log_life < 2,1030,1030,0.12033860385417938,0.172392338514328,0.07241605222225189,0.08038687705993652,0.12033860385417938,0.172392338514328,0.07241605222225189,0.08038687705993652,False,50.0,2000,validation-split evaluation
Zonal,Edge_50,0.5,PointNetMLPJoint_FP,c:\Users\abfat\Desktop\Disc_lifing_paper_v2\Zonal\Edge_50\PointNetMLPJoint_FP\Trained_models\pnmlp_16932d84.pt,Edge_50:PointNetMLPJoint_FP:pnmlp_16932d84,2 <= log_life < 3,2 <= log_life < 3,3491,3491,0.10850193351507187,0.15570038557052612,0.00013731312355957925,0.07504510879516602,0.10850193351507187,0.15570038557052612,0.00013731312355957925,0.07504510879516602,False,50.0,2000,validation-split evaluation
Zonal,Edge_50,0.5,PointNetMLPJoint_FP,c:\Users\abfat\Desktop\Disc_lifing_paper_v2\Zonal\Edge_50\PointNetMLPJoint_FP\Trained_models\pnmlp_16932d84.pt,Edge_50:PointNetMLPJoint_FP:pnmlp_16932d84,3 <= log_life < 4,3 <= log_life < 4,8723,8723,0.09193519502878189,0.13491976261138916,0.01584208942949772,0.0653226375579834,0.09193519502878189,0.13491976261138916,0.01584208942949772,0.0653226375579834,False,50.0,2000,validation-split evaluation
Zonal,Edge_50,0.5,PointNetMLPJoint_FP,c:\Users\abfat\Desktop\Disc_lifing_paper_v2\Zonal\Edge_50\PointNetMLPJoint_FP\Trained_models\pnmlp_16932d84.pt,Edge_50:PointNetMLPJoint_FP:pnmlp_16932d84,4 <= log_life < 6,4 <= log_life < 6,239075,239075,0.02214793488383293,0.05001715198159218,-0.005020533222705126,0.011374950408935547,0.02214793488383293,0.05001715198159218,-0.005020533222705126,0.011374950408935547,False,50.0,2000,validation-split evaluation
Zonal,Edge_50,0.5,PointNetMLPJoint_FP,c:\Users\abfat\Desktop\Disc_lifing_paper_v2\Zonal\Edge_50\PointNetMLPJoint_FP\Trained_models\pnmlp_16932d84.pt,Edge_50:PointNetMLPJoint_FP:pnmlp_16932d84,log_life >= 6,log_life >= 6,426681,426681,0.01751304417848587,0.036190230399370193,-0.0018627012614160776,0.010335922241210938,0.01751304417848587,0.036190230399370193,-0.0018627012614160776,0.010335922241210938,False,50.0,2000,validation-split evaluation
Zonal,Edge_75,0.75,ArGEnT_self_att_noSDF,c:\Users\abfat\Desktop\Disc_lifing_paper_v2\Zonal\Edge_75\ArGEnT_self_att_noSDF\Trained_models\argent_self_nosdf_s_177b264d.pt,Edge_75:ArGEnT_self_att_noSDF:argent_self_nosdf_s_177b264d,Full test set,Full test set,679000,679000,0.01707514002919197,0.04626265913248062,-0.000425037054810673,0.006415843963623047,0.01707514002919197,0.04626265913248062,-0.000425037054810673,0.006415843963623047,False,75.0,3000,validation-split evaluation
Zonal,Edge_75,0.75,ArGEnT_self_att_noSDF,c:\Users\abfat\Desktop\Disc_lifing_paper_v2\Zonal\Edge_75\ArGEnT_self_att_noSDF\Trained_models\argent_self_nosdf_s_177b264d.pt,Edge_75:ArGEnT_self_att_noSDF:argent_self_nosdf_s_177b264d,log_life < 2,log_life < 2,1030,1030,0.24815119802951813,0.2730845808982849,0.20215168595314026,0.2524976134300232,0.24815119802951813,0.2730845808982849,0.20215168595314026,0.2524976134300232,False,75.0,3000,validation-split evaluation
Zonal,Edge_75,0.75,ArGEnT_self_att_noSDF,c:\Users\abfat\Desktop\Disc_lifing_paper_v2\Zonal\Edge_75\ArGEnT_self_att_noSDF\Trained_models\argent_self_nosdf_s_177b264d.pt,Edge_75:ArGEnT_self_att_noSDF:argent_self_nosdf_s_177b264d,2 <= log_life < 3,2 <= log_life < 3,3491,3491,0.187648743391037,0.23063911497592926,-0.013029481284320354,0.17351102828979492,0.187648743391037,0.23063911497592926,-0.013029481284320354,0.17351102828979492,False,75.0,3000,validation-split evaluation
Zonal,Edge_75,0.75,ArGEnT_self_att_noSDF,c:\Users\abfat\Desktop\Disc_lifing_paper_v2\Zonal\Edge_75\ArGEnT_self_att_noSDF\Trained_models\argent_self_nosdf_s_177b264d.pt,Edge_75:ArGEnT_self_att_noSDF:argent_self_nosdf_s_177b264d,3 <= log_life < 4,3 <= log_life < 4,8723,8723,0.09771311283111572,0.1444956511259079,0.009824112989008427,0.07122540473937988,0.09771311283111572,0.1444956511259079,0.009824112989008427,0.07122540473937988,False,75.0,3000,validation-split evaluation
Zonal,Edge_75,0.75,ArGEnT_self_att_noSDF,c:\Users\abfat\Desktop\Disc_lifing_paper_v2\Zonal\Edge_75\ArGEnT_self_att_noSDF\Trained_models\argent_self_nosdf_s_177b264d.pt,Edge_75:ArGEnT_self_att_noSDF:argent_self_nosdf_s_177b264d,4 <= log_life < 6,4 <= log_life < 6,239075,239075,0.016934214159846306,0.04855477809906006,0.00047348797670565546,0.005121707916259766,0.016934214159846306,0.04855477809906006,0.00047348797670565546,0.005121707916259766,False,75.0,3000,validation-split evaluation
Zonal,Edge_75,0.75,ArGEnT_self_att_noSDF,c:\Users\abfat\Desktop\Disc_lifing_paper_v2\Zonal\Edge_75\ArGEnT_self_att_noSDF\Trained_models\argent_self_nosdf_s_177b264d.pt,Edge_75:ArGEnT_self_att_noSDF:argent_self_nosdf_s_177b264d,log_life >= 6,log_life >= 6,426681,426681,0.013552145101130009,0.03229237347841263,-0.0015239143976941705,0.006993293762207031,0.013552145101130009,0.03229237347841263,-0.0015239143976941705,0.006993293762207031,False,75.0,3000,validation-split evaluation
Zonal,Edge_75,0.75,GINOT-A,c:\Users\abfat\Desktop\Disc_lifing_paper_v2\Zonal\Edge_75\GINOT\Trained_models\ginot_a_match_250k_35ccca67_0.75.pt,Edge_75:GINOT-A:ginot_a_match_250k_35ccca67_0.75,Full test set,Full test set,679000,679000,0.02125917375087738,0.05190788954496384,0.003186013549566269,0.009546279907226562,0.02125917375087738,0.05190788954496384,0.003186013549566269,0.009546279907226562,False,75.0,3000,validation-split evaluation
Zonal,Edge_75,0.75,GINOT-A,c:\Users\abfat\Desktop\Disc_lifing_paper_v2\Zonal\Edge_75\GINOT\Trained_models\ginot_a_match_250k_35ccca67_0.75.pt,Edge_75:GINOT-A:ginot_a_match_250k_35ccca67_0.75,log_life < 2,log_life < 2,1030,1030,0.2575445771217346,0.2837173640727997,0.2287013679742813,0.2643701434135437,0.2575445771217346,0.2837173640727997,0.2287013679742813,0.2643701434135437,False,75.0,3000,validation-split evaluation
Zonal,Edge_75,0.75,GINOT-A,c:\Users\abfat\Desktop\Disc_lifing_paper_v2\Zonal\Edge_75\GINOT\Trained_models\ginot_a_match_250k_35ccca67_0.75.pt,Edge_75:GINOT-A:ginot_a_match_250k_35ccca67_0.75,2 <= log_life < 3,2 <= log_life < 3,3491,3491,0.1767721325159073,0.21815238893032074,-0.01112767867743969,0.1570887565612793,0.1767721325159073,0.21815238893032074,-0.01112767867743969,0.1570887565612793,False,75.0,3000,validation-split evaluation
Zonal,Edge_75,0.75,GINOT-A,c:\Users\abfat\Desktop\Disc_lifing_paper_v2\Zonal\Edge_75\GINOT\Trained_models\ginot_a_match_250k_35ccca67_0.75.pt,Edge_75:GINOT-A:ginot_a_match_250k_35ccca67_0.75,3 <= log_life < 4,3 <= log_life < 4,8723,8723,0.10629011690616608,0.15349411964416504,-0.001728156697936356,0.07787418365478516,0.10629011690616608,0.15349411964416504,-0.001728156697936356,0.07787418365478516,False,75.0,3000,validation-split evaluation
Zonal,Edge_75,0.75,GINOT-A,c:\Users\abfat\Desktop\Disc_lifing_paper_v2\Zonal\Edge_75\GINOT\Trained_models\ginot_a_match_250k_35ccca67_0.75.pt,Edge_75:GINOT-A:ginot_a_match_250k_35ccca67_0.75,4 <= log_life < 6,4 <= log_life < 6,239075,239075,0.023163048550486565,0.0556495375931263,0.00757920928299427,0.010394573211669922,0.023163048550486565,0.0556495375931263,0.00757920928299427,0.010394573211669922,False,75.0,3000,validation-split evaluation
Zonal,Edge_75,0.75,GINOT-A,c:\Users\abfat\Desktop\Disc_lifing_paper_v2\Zonal\Edge_75\GINOT\Trained_models\ginot_a_match_250k_35ccca67_0.75.pt,Edge_75:GINOT-A:ginot_a_match_250k_35ccca67_0.75,log_life >= 6,log_life >= 6,426681,426681,0.016611289232969284,0.03856442868709564,0.0003976329753641039,0.008721351623535156,0.016611289232969284,0.03856442868709564,0.0003976329753641039,0.008721351623535156,False,75.0,3000,validation-split evaluation
Zonal,Edge_75,0.75,PointNetMLPJoint_FP,c:\Users\abfat\Desktop\Disc_lifing_paper_v2\Zonal\Edge_75\PointNetMLPJoint_FP\Trained_models\pnmlp_16932d84.pt,Edge_75:PointNetMLPJoint_FP:pnmlp_16932d84,Full test set,Full test set,679000,679000,0.015124705620110035,0.03596271574497223,-0.00039837605436332524,0.007219791412353516,0.015124705620110035,0.03596271574497223,-0.00039837605436332524,0.007219791412353516,False,75.0,3000,validation-split evaluation
Zonal,Edge_75,0.75,PointNetMLPJoint_FP,c:\Users\abfat\Desktop\Disc_lifing_paper_v2\Zonal\Edge_75\PointNetMLPJoint_FP\Trained_models\pnmlp_16932d84.pt,Edge_75:PointNetMLPJoint_FP:pnmlp_16932d84,log_life < 2,log_life < 2,1030,1030,0.07128411531448364,0.1148775964975357,0.01889084465801716,0.04544413089752197,0.07128411531448364,0.1148775964975357,0.01889084465801716,0.04544413089752197,False,75.0,3000,validation-split evaluation
Zonal,Edge_75,0.75,PointNetMLPJoint_FP,c:\Users\abfat\Desktop\Disc_lifing_paper_v2\Zonal\Edge_75\PointNetMLPJoint_FP\Trained_models\pnmlp_16932d84.pt,Edge_75:PointNetMLPJoint_FP:pnmlp_16932d84,2 <= log_life < 3,2 <= log_life < 3,3491,3491,0.0696583092212677,0.10777737945318222,0.0037000251468271017,0.04569363594055176,0.0696583092212677,0.10777737945318222,0.0037000251468271017,0.04569363594055176,False,75.0,3000,validation-split evaluation
Zonal,Edge_75,0.75,PointNetMLPJoint_FP,c:\Users\abfat\Desktop\Disc_lifing_paper_v2\Zonal\Edge_75\PointNetMLPJoint_FP\Trained_models\pnmlp_16932d84.pt,Edge_75:PointNetMLPJoint_FP:pnmlp_16932d84,3 <= log_life < 4,3 <= log_life < 4,8723,8723,0.06679847836494446,0.10207275301218033,0.010243933647871017,0.0449528694152832,0.06679847836494446,0.10207275301218033,0.010243933647871017,0.0449528694152832,False,75.0,3000,validation-split evaluation
Zonal,Edge_75,0.75,PointNetMLPJoint_FP,c:\Users\abfat\Desktop\Disc_lifing_paper_v2\Zonal\Edge_75\PointNetMLPJoint_FP\Trained_models\pnmlp_16932d84.pt,Edge_75:PointNetMLPJoint_FP:pnmlp_16932d84,4 <= log_life < 6,4 <= log_life < 6,239075,239075,0.015348986722528934,0.04005204886198044,0.0003281366953160614,0.006351470947265625,0.015348986722528934,0.04005204886198044,0.0003281366953160614,0.006351470947265625,False,75.0,3000,validation-split evaluation
Zonal,Edge_75,0.75,PointNetMLPJoint_FP,c:\Users\abfat\Desktop\Disc_lifing_paper_v2\Zonal\Edge_75\PointNetMLPJoint_FP\Trained_models\pnmlp_16932d84.pt,Edge_75:PointNetMLPJoint_FP:pnmlp_16932d84,log_life >= 6,log_life >= 6,426681,426681,0.013360878452658653,0.028624996542930603,-0.0011031164322048426,0.007503032684326172,0.013360878452658653,0.028624996542930603,-0.0011031164322048426,0.007503032684326172,False,75.0,3000,validation-split evaluation
